Time,Power - Grid L1,Power - Grid L2,Power - Grid L3,Total Grid Power
1602396000000.00,,,,0
1602417600000.00,,,,0
1602439200000.00,,,,0
1602460800000.00,,,,0
1602482400000.00,,,,0
1602504000000.00,,,,0
1602525600000.00,,,,0
1602547200000.00,,,,0
1602568800000.00,,,,0
1602590400000.00,,,,0
1602612000000.00,,,,0
1602633600000.00,,,,0
1602655200000.00,,,,0
1602676800000.00,,,,0
1602698400000.00,,,,0
1602720000000.00,,,,0
1602741600000.00,,,,0
1602763200000.00,2575,-862,763,2476
1602784800000.00,2935,-915,311,2331
1602806400000.00,3977,-1938,-28,2011
1602828000000.00,-9671,-14699,-13608,-37978
1602849600000.00,2022,-193,225,2054
1602871200000.00,2972,-1025,372,2319
1602892800000.00,4064,282,798,5144
1602914400000.00,483492,483440,482380,1449312
1602936000000.00,496286,498530,497722,1492538
1602957600000.00,2532,-1162,438,1808
1602979200000.00,3475,-1761,516,2230
1603000800000.00,485438,485944,488620,1460002
1603022400000.00,1819,1415,1201,4435
1603044000000.00,2142,-419,355,2078
1603065600000.00,3661,-2074,140,1727
1603087200000.00,-5477,-9623,-8137,-23237
1603108800000.00,501307,496624,502679,1500610
1603130400000.00,3792,-1325,1844,4311
1603152000000.00,4601,-2677,1292,3216
1603173600000.00,-2265,-2650,-2614,-7529
1603195200000.00,1422,464,321,2207
1603216800000.00,2437,-787,551,2201
1603238400000.00,2692,-1291,561,1962
1603260000000.00,70744,67767,70035,208546
1603281600000.00,5548,942,3324,9814
1603303200000.00,5326,-588,4387,9125
1603324800000.00,4733,-1241,2228,5720
1603346400000.00,-5276,-10600,-9683,-25559
1603368000000.00,-8190,-12129,-11569,-31888
1603389600000.00,-8459,-10940,-10932,-30331
1603411200000.00,-20786,-25846,-24701,-71333
1603432800000.00,-8087,-9213,-8862,-26162
1603454400000.00,2628,1441,1378,5447
1603476000000.00,2453,1498,1440,5391
1603497600000.00,87143,85608,85708,258459
1603519200000.00,-6208,-12614,-8277,-27099
1603540800000.00,3946,-1153,2607,5400
1603562400000.00,6384,-2112,4663,8935
1603584000000.00,-490629,-500921,-496436,-1487986
1603605600000.00,1230,-3102,-2986,-4858
1603627200000.00,3295,1458,884,5637
1603648800000.00,3609,-859,1900,4650
1603670400000.00,2715,-482,-471,1762
1603692000000.00,-10578,-14763,-12860,-38201
1603713600000.00,3448,-3120,1312,1640
1603735200000.00,-3499,-7366,-6670,-17535
1603756800000.00,-15275,-18348,-17259,-50882
1603778400000.00,-8506,-14372,-11064,-33942
1603800000000.00,497658,491671,499210,1488539
1603821600000.00,-3417,-9729,-7109,-20255
1603843200000.00,2573,2078,1922,6573
1603864800000.00,-1644,-7943,-3171,-12758
1603886400000.00,-19604,-24197,-23046,-66847
1603908000000.00,498171,495862,500427,1494460
1603929600000.00,-7595,-14593,-11507,-33695
1603951200000.00,-46244,-53712,-50973,-150929
1603972800000.00,-20857,-27226,-24194,-72277
1603994400000.00,-8471,-14351,-11990,-34812
1604016000000.00,4026,-1003,2486,5509
1604037600000.00,-21200,-26576,-23984,-71760
1604059200000.00,-17260,-20816,-19790,-57866
1604080800000.00,-4427,-9782,-5862,-20071
1604102400000.00,-10708,-16444,-11891,-39043
1604124000000.00,-3570,-9292,-5467,-18329
1604145600000.00,-3571,-11254,-5554,-20379
1604167200000.00,498205,493735,500107,1492047
1604188800000.00,-4859,-11502,-5078,-21439
1604210400000.00,-7748,-13073,-8318,-29139
1604232000000.00,-5935,-11707,-8544,-26186
1604253600000.00,-10250,-16642,-11293,-38185
1604275200000.00,-11164,-17913,-12193,-41270
1604296800000.00,-10342,-15229,-11904,-37475
1604318400000.00,-19816,-24695,-22467,-66978
1604340000000.00,-18586,-22575,-21487,-62648
1604361600000.00,-5896,-9776,-7931,-23603
1604383200000.00,478565,474788,481761,1435114
1604404800000.00,-17308,-21459,-19952,-58719
1604426400000.00,-5889,-9382,-8124,-23395
1604448000000.00,-7278,-9914,-10783,-27975
1604469600000.00,-11562,-14841,-14787,-41190
1604491200000.00,-6282,-7805,-9099,-23186
1604512800000.00,-5213,-6823,-8253,-20289
1604534400000.00,3530,100,-1007,2623
1604556000000.00,-11885,-15881,-14852,-42618
1604577600000.00,4079,1765,1398,7242
1604599200000.00,2563,-333,634,2864
1604620800000.00,3969,335,1827,6131
1604642400000.00,-16314,-21864,-19952,-58130
1604664000000.00,-6264,-11698,-10182,-28144
1604685600000.00,-5436,-7939,-7348,-20723
1604707200000.00,-5713,-9662,-8303,-23678
1604728800000.00,-7452,-9472,-10312,-27236
1604750400000.00,2242,350,670,3262
1604772000000.00,1889,607,-44,2452
1604793600000.00,2292,-833,729,2188
1604815200000.00,-45903,-51656,-49597,-147156
1604836800000.00,-78256,-82393,-81380,-242029
1604858400000.00,4394,-1706,122,2810
1604880000000.00,4263,-2851,1099,2511
1604901600000.00,-11463,-16483,-14138,-42084
1604923200000.00,3302,-942,1432,3792
1604944800000.00,3769,-1533,526,2762
1604966400000.00,3809,-475,-146,3188
1604988000000.00,-63,-2337,-2220,-4620
1605009600000.00,3562,-769,403,3196
1605031200000.00,3604,-1586,1002,3020
1605052800000.00,3782,-1577,374,2579
1605074400000.00,-1119,-4446,-4247,-9812
1605096000000.00,86374,81320,84053,251747
1605117600000.00,4593,-4395,2418,2616
1605139200000.00,5373,-3918,1550,3005
1605160800000.00,-491092,-497534,-495631,-1484257
1605182400000.00,1415,694,378,2487
1605204000000.00,-1728,-8069,-4720,-14517
1605225600000.00,1396,706,404,2506
1605247200000.00,-21478,-26482,-24164,-72124
1605268800000.00,-9171,-12584,-11478,-33233
1605290400000.00,-7364,-10103,-8467,-25934
1605312000000.00,-3406,-9183,-4874,-17463
1605333600000.00,588409,581071,588887,1758367
1605355200000.00,-3581,-8455,-4268,-16304
1605376800000.00,4300,-3883,2440,2857
1605398400000.00,5571,-3880,5738,7429
1605420000000.00,-1940,-7125,-3346,-12411
1605441600000.00,-14288,-21277,-17328,-52893
1605463200000.00,-491,-7819,-3575,-11885
1605484800000.00,-4483,-9695,-6970,-21148
1605506400000.00,-20659,-20396,-24522,-65577
1605528000000.00,2879,-1895,2155,3139
1605549600000.00,-6202,-13021,-8258,-27481
1605571200000.00,-6789,-14447,-8847,-30083
1605592800000.00,-23917,-30644,-29379,-83940
1605614400000.00,-2424,-9996,-7340,-19760
1605636000000.00,-4677,-12363,-6908,-23948
1605657600000.00,4115,-4982,1705,838
1605679200000.00,-10012,-17469,-13954,-41435
1605700800000.00,-2151,-9166,-5393,-16710
1605722400000.00,-10024,-17677,-13765,-41466
1605744000000.00,-9853,-17782,-12797,-40432
1605765600000.00,-26608,-31371,-32061,-90040
1605787200000.00,3930,198,-775,3353
1605808800000.00,-8270,-12437,-11725,-32432
1605830400000.00,-5071,-10454,-8734,-24259
1605852000000.00,534856,532574,536047,1603477
1605873600000.00,-17440,-22518,-20839,-60797
1605895200000.00,-14179,-21230,-15829,-51238
1605916800000.00,-17247,-25727,-19206,-62180
1605938400000.00,-4434,-12168,-9346,-25948
1605960000000.00,-6315,-12978,-8604,-27897
1605981600000.00,495970,488675,497975,1482620
1606003200000.00,-18275,-25548,-19917,-63740
1606024800000.00,-17146,-20942,-22012,-60100
1606046400000.00,-3019,-5172,-5025,-13216
1606068000000.00,-437,-5765,-4925,-11127
1606089600000.00,-9055,-14552,-14402,-38009
1606111200000.00,-473,-5441,-3649,-9563
1606132800000.00,3824,-1982,1098,2940
1606154400000.00,496997,491484,501301,1489782
1606176000000.00,3593,-2438,2081,3236
1606197600000.00,10,-10079,-6055,-16124
1606219200000.00,2837,-3140,2577,2274
1606240800000.00,-2657,-9596,-3942,-16195
1606262400000.00,3302,-3643,2727,2386
1606284000000.00,-4174,-10123,-5091,-19388
1606305600000.00,2994,-2621,1959,2332
1606327200000.00,3170,-1804,971,2337
1606348800000.00,3193,-2059,1159,2293
1606370400000.00,-2437,-8832,-5123,-16392
1606392000000.00,2653,-1216,1084,2521
1606413600000.00,497519,492969,502550,1493038
1606435200000.00,-6209,-12786,-6517,-25512
1606456800000.00,-490059,-496142,-494836,-1481037
1606478400000.00,495529,493121,502126,1490776
1606500000000.00,-3715,-8855,-7349,-19919
1606521600000.00,-4718,-11070,-8489,-24277
1606543200000.00,-6328,-13343,-12635,-32306
1606564800000.00,3864,-1638,662,2888
1606586400000.00,4537,-2018,-16,2503
1606608000000.00,-3376,-10309,-6806,-20491
1606629600000.00,2050,-673,-3824,-2447
1606651200000.00,495394,495885,499565,1490844
1606672800000.00,426975,423490,426535,1277000
1606694400000.00,-13096,-22582,-18219,-53897
1606716000000.00,-22918,-28987,-28473,-80378
1606737600000.00,499696,494910,498445,1493051
1606759200000.00,1463,512,759,2734
1606780800000.00,1462,513,760,2735
1606802400000.00,-4620,-4999,-4886,-14505
1606824000000.00,1748,710,887,3345
1606845600000.00,-4902,-10317,-6471,-21690
1606867200000.00,-6743,-13197,-9584,-29524
1606888800000.00,396,-3894,-4820,-8318
1606910400000.00,493624,490832,494261,1478717
1606932000000.00,-439399,-447815,-445551,-1332765
1606953600000.00,-467988,-477318,-474149,-1419455
1606975200000.00,481671,474115,479373,1435159
1606996800000.00,4238,-2322,2357,4273
1607018400000.00,-4992,-11980,-6660,-23632
1607040000000.00,4126,-3092,3303,4337
1607061600000.00,2096,-4653,-1584,-4141
1607083200000.00,-19576,-26140,-21305,-67021
1607104800000.00,87855,81848,84223,253926
1607126400000.00,3973,-2361,726,2338
1607148000000.00,1027,-4766,-5827,-9566
1607169600000.00,2923,-474,284,2733
1607191200000.00,3472,-1355,515,2632
1607212800000.00,3063,-326,101,2838
1607234400000.00,-4754,-8849,-9715,-23318
1607256000000.00,3474,-250,-207,3017
1607277600000.00,15528,13197,11844,40569
1607299200000.00,3209,-332,542,3419
1607320800000.00,3246,-3817,-3811,-4382
1607342400000.00,6372,-223,935,7084
1607364000000.00,6015,-880,1093,6228
1607385600000.00,8509,1399,2396,12304
1607407200000.00,-6996,-9438,-9367,-25801
1607428800000.00,3064,1889,1294,6247
1607450400000.00,52959,49403,49627,151989
1607472000000.00,3150,1979,1396,6525
1607493600000.00,1216,-380,-576,260
1607515200000.00,1942,197,571,2710
1607536800000.00,1944,-158,942,2728
1607558400000.00,1855,766,1344,3965
1607580000000.00,-5682,-5860,-5913,-17455
1607601600000.00,3043,2879,2640,8562
1607623200000.00,169168,160811,167822,497801
1607644800000.00,159483,151768,158678,469929
1607666400000.00,-30931,-39379,-37197,-107507
1607688000000.00,3668,-225,725,4168
1607709600000.00,3186,-1237,1077,3026
1607731200000.00,493034,489093,495172,1477299
1607752800000.00,-10851,-16490,-14352,-41693
1607774400000.00,3216,-1330,1404,3290
1607796000000.00,-4652,-9466,-7032,-21150
1607817600000.00,-18541,-22694,-19872,-61107
1607839200000.00,-214,-6650,-5170,-12034
1607860800000.00,4709,-4529,2329,2509
1607882400000.00,-17444,-26711,-19401,-63556
1607904000000.00,4548,-3622,3247,4173
1607925600000.00,-13876,-21071,-16969,-51916
1607947200000.00,-12421,-19249,-14842,-46512
1607968800000.00,-9020,-16490,-11167,-36677
1607990400000.00,-4176,-13446,-7754,-25376
1608012000000.00,-1922,-7908,-5837,-15667
1608033600000.00,4491,-296,-341,3854
1608055200000.00,456325,452097,459286,1367708
1608076800000.00,4069,-324,691,4436
1608098400000.00,-21567,-27771,-26393,-75731
1608120000000.00,454440,461257,457032,1372729
1608141600000.00,496504,497336,497620,1491460
1608163200000.00,3739,1391,-700,4430
1608184800000.00,1538,-2395,-5070,-5927
1608206400000.00,486105,487001,482655,1455761
1608228000000.00,500668,500561,503988,1505217
1608249600000.00,-6425,-11304,-8605,-26334
1608271200000.00,-6163,-11362,-9869,-27394
1608292800000.00,2374,866,1595,4835
1608314400000.00,2218,-1471,1642,2389
1608336000000.00,-18878,-24224,-18852,-61954
1608357600000.00,-20913,-25350,-24853,-71116
1608379200000.00,-9982,-13322,-14669,-37973
1608400800000.00,-4838,-9511,-6356,-20705
1608422400000.00,-20363,-26211,-21898,-68472
1608444000000.00,-4372,-7951,-9554,-21877
1608465600000.00,498791,496339,499523,1494653
1608487200000.00,-11419,-15837,-15032,-42288
1608508800000.00,-9304,-13125,-12689,-35118
1608530400000.00,-20309,-21877,-22401,-64587
1608552000000.00,248562,249442,248453,746457
1608573600000.00,3829,-1977,990,2842
1608595200000.00,3400,718,-343,3775
1608616800000.00,-3074,-2778,-3494,-9346
1608638400000.00,-4958,-5666,-10512,-21136
1608660000000.00,1481,506,747,2734
1608681600000.00,1481,1307,1154,3942
1608703200000.00,-489486,-498819,-495484,-1483789
1608724800000.00,-5161,-13175,-7730,-26066
1608746400000.00,5056,-4877,3394,3573
1608768000000.00,-5220,-12187,-6461,-23868
1608789600000.00,-8251,-11635,-12595,-32481
1608811200000.00,-20489,-20896,-24304,-65689
1608832800000.00,-5810,-9408,-9131,-24349
1608854400000.00,-7244,-11454,-7134,-25832
1608876000000.00,-11899,-16411,-11866,-40176
1608897600000.00,-19159,-21307,-20621,-61087
1608919200000.00,3242,-666,-77,2499
1608940800000.00,3160,-595,-94,2471
1608962400000.00,-1820,-4866,-6760,-13446
1608984000000.00,1729,1102,900,3731
1609005600000.00,466713,463109,471657,1401479
1609027200000.00,-5103,-14185,-6824,-26112
1609048800000.00,-4322,-11673,-8052,-24047
1609070400000.00,3921,227,-807,3341
1609092000000.00,455864,454288,457518,1367670
1609113600000.00,4544,788,1337,6669
1609135200000.00,-2209,-2422,-2583,-7214
1609156800000.00,-486882,-493131,-495634,-1475647
1609178400000.00,497360,495384,498316,1491060
1609200000000.00,3309,-13,434,3730
1609221600000.00,1610,-2138,-4504,-5032
1609243200000.00,-11174,-11574,-14866,-37614
1609264800000.00,-7010,-9394,-11714,-28118
1609286400000.00,-5977,-9052,-9703,-24732
1609308000000.00,452232,453318,447134,1352684
1609329600000.00,4321,4502,3631,12454
1609351200000.00,-5737,-7503,-8779,-22019
1609372800000.00,-17578,-21727,-22725,-62030
1609394400000.00,-15956,-16807,-21538,-54301
1609416000000.00,-5085,-6625,-10660,-22370
1609437600000.00,-5896,-5822,-11110,-22828
1609459200000.00,-5091,-6681,-11093,-22865
1609480800000.00,289841,287566,285424,862831
1609502400000.00,-40913,-44012,-45445,-130370
1609524000000.00,2168,1499,-1135,2532
1609545600000.00,496677,496880,497706,1491263
1609567200000.00,-491917,-497065,-499938,-1488920
1609588800000.00,490360,496450,491175,1477985
1609610400000.00,-17118,-16996,-21150,-55264
1609632000000.00,3088,-247,94,2935
1609653600000.00,-490131,-492142,-497806,-1480079
1609675200000.00,490203,496535,491533,1478271
1609696800000.00,-7179,-8729,-9566,-25474
1609718400000.00,-6520,-9442,-12278,-28240
1609740000000.00,3357,2462,-5271,548
1609761600000.00,2872,4329,-29,7172
1609783200000.00,-3171,-4184,-7095,-14450
1609804800000.00,-2809,-5483,-11329,-19621
1609826400000.00,2530,1932,-1163,3299
1609848000000.00,497185,499749,497319,1494253
1609869600000.00,493887,494519,494283,1482689
1609891200000.00,497205,497813,498413,1493431
1609912800000.00,-26703,-27978,-33012,-87693
1609934400000.00,-24068,-24099,-27628,-75795
1609956000000.00,3442,-13,-685,2744
1609977600000.00,-19696,-22733,-26366,-68795
1609999200000.00,-958,-2165,-7258,-10381
1610020800000.00,-10032,-6889,-14823,-31744
1610042400000.00,3481,-308,-368,2805
1610064000000.00,-18364,-21177,-24820,-64361
1610085600000.00,-25526,-26317,-33761,-85604
1610107200000.00,488647,496452,489873,1474972
1610128800000.00,-20221,-19332,-24868,-64421
1610150400000.00,-7725,-7071,-10976,-25772
1610172000000.00,484332,485166,485265,1454763
1610193600000.00,-7245,-7796,-12437,-27478
1610215200000.00,-20711,-21561,-25466,-67738
1610236800000.00,-13347,-14874,-16734,-44955
1610258400000.00,493293,494548,493093,1480934
1610280000000.00,-12394,-10319,-18350,-41063
1610301600000.00,494406,498467,497275,1490148
1610323200000.00,-4388,-8679,-9668,-22735
1610344800000.00,-24709,-28223,-32479,-85411
1610366400000.00,-6640,-9107,-11520,-27267
1610388000000.00,3833,-1719,814,2928
1610409600000.00,4620,-1494,177,3303
1610431200000.00,492354,491941,491624,1475919
1610452800000.00,-19001,-18846,-24998,-62845
1610474400000.00,11134,8937,6880,26951
1610496000000.00,-486684,-493058,-495812,-1475554
1610517600000.00,-23829,-26828,-33139,-83796
1610539200000.00,10350,11239,6901,28490
1610560800000.00,-10182,-12737,-14032,-36951
1610582400000.00,-12871,-16318,-18513,-47702
1610604000000.00,4596,921,-3246,2271
1610625600000.00,-5119,-7158,-10598,-22875
1610647200000.00,4006,2449,-1270,5185
1610668800000.00,3254,1332,-1028,3558
1610690400000.00,4286,2233,-4311,2208
1610712000000.00,494527,501081,494339,1489947
1610733600000.00,494190,497624,496749,1488563
1610755200000.00,441542,441584,443188,1326314
1610776800000.00,-18114,-17713,-24428,-60255
1610798400000.00,-17315,-14365,-21999,-53679
1610820000000.00,2046,1969,-811,3204
1610841600000.00,2706,-304,860,3262
1610863200000.00,1574,351,-4347,-2422
1610884800000.00,2763,2140,-1630,3273
1610906400000.00,494462,497252,498228,1489942
1610928000000.00,-17748,-20220,-21319,-59287
1610949600000.00,-61784,-63610,-67113,-192507
1610971200000.00,-19402,-19262,-23649,-62313
1610992800000.00,496218,494388,499363,1489969
1611014400000.00,-12478,-16401,-15283,-44162
1611036000000.00,-22002,-26049,-29519,-77570
1611057600000.00,493766,498861,495872,1488499
1611079200000.00,-2851,-6685,-5709,-15245
1611100800000.00,-5560,-8525,-7976,-22061
1611122400000.00,-13587,-18117,-20974,-52678
1611144000000.00,-25447,-29726,-30795,-85968
1611165600000.00,495080,493768,497975,1486823
1611187200000.00,-11945,-16508,-16942,-45395
1611208800000.00,-23234,-27266,-28983,-79483
1611230400000.00,5109,3086,-55,8140
1611252000000.00,-18002,-19047,-21303,-58352
1611273600000.00,-11747,-13139,-16833,-41719
1611295200000.00,-17139,-17257,-22311,-56707
1611316800000.00,444174,446071,444290,1334535
1611338400000.00,2038,219,556,2813
1611360000000.00,4367,1458,246,6071
1611381600000.00,165,597,-4979,-4217
1611403200000.00,3240,3666,-770,6136
1611424800000.00,2551,201,236,2988
1611446400000.00,3300,171,-938,2533
1611468000000.00,-637,-1341,-5060,-7038
1611489600000.00,1768,2256,-1163,2861
1611511200000.00,1983,2051,-1260,2774
1611532800000.00,3892,2585,-2555,3922
1611554400000.00,493262,494996,488820,1477078
1611576000000.00,3182,2319,-2256,3245
1611597600000.00,1458,1069,-172,2355
1611619200000.00,-11804,-14765,-18163,-44732
1611640800000.00,-3332,-6885,-11318,-21535
1611662400000.00,3028,2430,-3111,2347
1611684000000.00,495724,497893,496313,1489930
1611705600000.00,-9355,-11967,-16973,-38295
1611727200000.00,2868,2642,-4438,1072
1611748800000.00,3714,4554,-1825,6443
1611770400000.00,-5748,-7441,-8674,-21863
1611792000000.00,437900,436071,439094,1313065
1611813600000.00,1900,-4152,-2438,-4690
1611835200000.00,3582,4965,-1808,6739
1611856800000.00,-17772,-21758,-18373,-57903
1611878400000.00,-11181,-15547,-13717,-40445
1611900000000.00,-2840,-7754,-5028,-15622
1611921600000.00,3870,39,2276,6185
1611943200000.00,-7505,-10196,-8227,-25928
1611964800000.00,-4675,-10012,-5798,-20485
1611986400000.00,440288,438174,442025,1320487
1612008000000.00,444574,444266,445974,1334814
1612029600000.00,2497,382,1632,4511
1612051200000.00,2563,1698,438,4699
1612072800000.00,-4085,-3078,-7523,-14686
1612094400000.00,3513,2301,-1164,4650
1612116000000.00,2328,1923,539,4790
1612137600000.00,4372,1163,-393,5142
1612159200000.00,1851,-2411,-6421,-6981
1612180800000.00,1912,1735,1909,5556
1612202400000.00,496075,495249,501202,1492526
1612224000000.00,1791,1245,1902,4938
1612245600000.00,2686,-4223,-2663,-4200
1612267200000.00,5203,810,863,6876
1612288800000.00,3206,-2423,3899,4682
1612310400000.00,-17937,-23169,-20723,-61829
1612332000000.00,5771,489,157,6417
1612353600000.00,496698,496809,497071,1490578
1612375200000.00,496264,496443,499598,1492305
1612396800000.00,-11289,-14734,-14202,-40225
1612418400000.00,-21605,-26808,-26474,-74887
1612440000000.00,-20373,-23741,-24255,-68369
1612461600000.00,3726,-377,1422,4771
1612483200000.00,-12172,-15899,-14239,-42310
1612504800000.00,-21750,-25058,-24997,-71805
1612526400000.00,444601,444100,446581,1335282
1612548000000.00,3960,-358,1656,5258
1612569600000.00,-3658,-8159,-5706,-17523
1612591200000.00,-13242,-15339,-16828,-45409
1612612800000.00,444101,444695,445880,1334676
1612634400000.00,-4964,-7277,-8921,-21162
1612656000000.00,3631,2207,1037,6875
1612677600000.00,2778,3739,-4603,1914
1612699200000.00,-77956,-77288,-84251,-239495
1612720800000.00,488703,491420,489200,1469323
1612742400000.00,-14991,-16517,-19834,-51342
1612764000000.00,929,1120,956,3005
1612785600000.00,1865,2086,1897,5848
1612807200000.00,79729,77963,77701,235393
1612828800000.00,-12749,-18081,-19131,-49961
1612850400000.00,-27,-1101,-5564,-6692
1612872000000.00,4781,2312,-1613,5480
1612893600000.00,498614,496536,499524,1494674
1612915200000.00,-3565,-9521,-8605,-21691
1612936800000.00,1768,-3939,-7080,-9251
1612958400000.00,497446,500636,495139,1493221
1612980000000.00,-3040,-5153,-9308,-17501
1613001600000.00,3923,1331,-2391,2863
1613023200000.00,-1346,-3974,-9569,-14889
1613044800000.00,497848,497338,494890,1490076
1613066400000.00,-3572,-6723,-8004,-18299
1613088000000.00,5365,-1335,-1019,3011
1613109600000.00,-2390,-10892,-9837,-23119
1613131200000.00,-2018,-10354,-9527,-21899
1613152800000.00,-5712,-12860,-8477,-27049
1613174400000.00,-2849,-10799,-6278,-19926
1613196000000.00,486270,484562,486346,1457178
1613217600000.00,-10954,-16625,-18833,-46412
1613239200000.00,-3886,-8823,-6801,-19510
1613260800000.00,5263,-1996,-231,3036
1613282400000.00,481351,476469,482463,1440283
1613304000000.00,-485891,-493877,-494470,-1474238
1613325600000.00,497671,494284,500744,1492699
1613347200000.00,-4649,-11190,-8932,-24771
1613368800000.00,493502,490434,494591,1478527
1613390400000.00,3250,1400,-809,3841
1613412000000.00,4669,-2666,826,2829
1613433600000.00,5511,-3266,1326,3571
1613455200000.00,-15505,-22692,-21188,-59385
1613476800000.00,-7437,-11661,-11400,-30498
1613498400000.00,497430,493954,498757,1490141
1613520000000.00,-7480,-15435,-11526,-34441
1613541600000.00,-5025,-12461,-8633,-26119
1613563200000.00,-436297,-444942,-443041,-1324280
1613584800000.00,4384,-1685,2569,5268
1613606400000.00,-19528,-27845,-21251,-68624
1613628000000.00,-17876,-24885,-24600,-67361
1613649600000.00,4541,2151,-2032,4660
1613671200000.00,3856,-14,-1055,2787
1613692800000.00,5041,182,-127,5096
1613714400000.00,-11199,-14413,-17521,-43133
1613736000000.00,3279,-8,834,4105
1613757600000.00,3376,-1415,1231,3192
1613779200000.00,3997,-2781,1326,2542
1613800800000.00,-16664,-25899,-20593,-63156
1613822400000.00,12444,6419,9215,28078
1613844000000.00,493159,490644,499570,1483373
1613865600000.00,488241,481878,495086,1465205
1613887200000.00,-13636,-20499,-15945,-50080
1613908800000.00,-486534,-495307,-492756,-1474597
1613930400000.00,4609,-2531,2889,4967
1613952000000.00,-4865,-11085,-8289,-24239
1613973600000.00,-12405,-17335,-17661,-47401
1613995200000.00,4977,1201,1575,7753
1614016800000.00,-5493,-11120,-9651,-26264
1614038400000.00,495142,489831,498156,1483129
1614060000000.00,-22874,-31598,-25277,-79749
1614081600000.00,-6035,-12809,-9872,-28716
1614103200000.00,3307,-3052,2850,3105
1614124800000.00,-5004,-12645,-7676,-25325
1614146400000.00,-18837,-24758,-21271,-64866
1614168000000.00,4046,-1676,821,3191
1614189600000.00,3147,-2286,1762,2623
1614211200000.00,4951,-1900,640,3691
1614232800000.00,-17094,-19998,-19708,-56800
1614254400000.00,3798,1043,-940,3901
1614276000000.00,4656,68,-1083,3641
1614297600000.00,4371,-754,-735,2882
1614319200000.00,-21111,-27335,-25991,-74437
1614340800000.00,5546,-244,1097,6399
1614362400000.00,6360,2435,2944,11739
1614384000000.00,5293,115,1074,6482
1614405600000.00,-23090,-29866,-27480,-80436
1614427200000.00,7424,-159,-651,6614
1614448800000.00,5210,-43,1232,6399
1614470400000.00,5156,-1163,2377,6370
1614492000000.00,-19625,-25942,-22953,-68520
1614513600000.00,4090,1118,911,6119
1614535200000.00,4851,1250,219,6320
1614556800000.00,5794,1757,-744,6807
1614578400000.00,-20316,-23085,-25352,-68753
1614600000000.00,5396,1166,-163,6399
1614621600000.00,5492,2380,-448,7424
1614643200000.00,6002,3019,-539,8482
1614664800000.00,-16485,-22627,-25416,-64528
1614686400000.00,6137,3383,-2823,6697
1614708000000.00,5516,2568,-969,7115
1614729600000.00,5334,2245,-92,7487
1614751200000.00,-25709,-27853,-32496,-86058
1614772800000.00,-8063,-8925,-15601,-32589
1614794400000.00,5316,3582,-1920,6978
1614816000000.00,5668,3192,-2204,6656
1614837600000.00,4457,3249,-4551,3155
1614859200000.00,4854,4393,-3061,6186
1614880800000.00,4458,4085,-772,7771
1614902400000.00,5520,2822,-797,7545
1614924000000.00,-13912,-18323,-22372,-54607
1614945600000.00,14148,10297,7737,32182
1614967200000.00,4743,1827,647,7217
1614988800000.00,4303,2144,-2258,4189
1615010400000.00,-13232,-15274,-19136,-47642
1615032000000.00,-9078,-9828,-12104,-31010
1615053600000.00,3986,2356,1565,7907
1615075200000.00,-484418,-490963,-491391,-1466772
1615096800000.00,-10367,-11786,-13515,-35668
1615118400000.00,-484931,-491463,-493414,-1469808
1615140000000.00,-6514,-6538,-10716,-23768
1615161600000.00,-6518,-7094,-13985,-27597
1615183200000.00,-19955,-23046,-27165,-70166
1615204800000.00,-484488,-489591,-493868,-1467947
1615226400000.00,-19412,-21206,-26006,-66624
1615248000000.00,6630,2910,-1749,7791
1615269600000.00,-2538,-6806,-12379,-21723
1615291200000.00,6630,1913,-728,7815
1615312800000.00,5173,2738,-1204,6707
1615334400000.00,5257,739,869,6865
1615356000000.00,480287,475716,479523,1435526
1615377600000.00,-8361,-15599,-11739,-35699
1615399200000.00,499931,492834,501752,1494517
1615420800000.00,-483857,-493914,-491377,-1469148
1615442400000.00,-12628,-19503,-17747,-49878
1615464000000.00,-5966,-12444,-9759,-28169
1615485600000.00,489288,485351,492884,1467523
1615507200000.00,-17325,-25069,-22991,-65385
1615528800000.00,-18396,-25493,-25398,-69287
1615550400000.00,-21585,-29582,-24563,-75730
1615572000000.00,455479,449224,457611,1362314
1615593600000.00,5120,-1968,4174,7326
1615615200000.00,-13873,-22175,-15061,-51109
1615636800000.00,-6874,-13448,-9959,-30281
1615658400000.00,497284,494596,499972,1491852
1615680000000.00,-10770,-22176,-13854,-46800
1615701600000.00,459119,452337,463072,1374528
1615723200000.00,-18543,-25589,-23811,-67943
1615744800000.00,6167,-1775,3387,7779
1615766400000.00,-11467,-18024,-15561,-45052
1615788000000.00,-18667,-24495,-23268,-66430
1615809600000.00,-19897,-26005,-24541,-70443
1615831200000.00,-4376,-10320,-10024,-24720
1615852800000.00,-12328,-16026,-22057,-50411
1615874400000.00,1902,1560,-7241,-3779
1615896000000.00,497309,499715,495912,1492936
1615917600000.00,-21458,-27671,-24619,-73748
1615939200000.00,-12593,-17986,-18817,-49396
1615960800000.00,1774,-2092,-4283,-4601
1615982400000.00,6318,4358,-2811,7865
1616004000000.00,6276,1994,-890,7380
1616025600000.00,6758,3505,-3003,7260
1616047200000.00,-10172,-13608,-20915,-44695
1616068800000.00,7722,4645,-2559,9808
1616090400000.00,15313,11620,7281,34214
1616112000000.00,7010,2316,-1899,7427
1616133600000.00,-25527,-31924,-32406,-89857
1616155200000.00,7410,1500,-1415,7495
1616176800000.00,19162,15816,12035,47013
1616198400000.00,6786,3377,-630,9533
1616220000000.00,-24484,-29653,-31607,-85744
1616241600000.00,13986,10412,7588,31986
1616263200000.00,10361,8750,3182,22293
1616284800000.00,5573,2098,484,8155
1616306400000.00,-3058,-8559,-7894,-19511
1616328000000.00,6246,1525,-63,7708
1616349600000.00,10277,8445,3869,22591
1616371200000.00,15479,11823,5040,32342
1616392800000.00,-2834,-7351,-13079,-23264
1616414400000.00,7722,4007,-2864,8865
1616436000000.00,550279,552126,548764,1651169
1616457600000.00,5756,2673,-1472,6957
1616479200000.00,12229,6308,8385,26922
1616500800000.00,-5337,-13935,-12222,-31494
1616522400000.00,-4898,-9982,-10399,-25279
1616544000000.00,-4694,-11325,-12932,-28951
1616565600000.00,-22510,-30773,-28595,-81878
1616587200000.00,-481940,-489786,-493133,-1464859
1616608800000.00,498820,500090,497624,1496534
1616630400000.00,501211,497387,496449,1495047
1616652000000.00,-4967,-9780,-15083,-29830
1616673600000.00,-7770,-13081,-15230,-36081
1616695200000.00,6243,1259,1800,9302
1616716800000.00,7131,42,-1071,6102
1616738400000.00,-11526,-18904,-16421,-46851
1616760000000.00,501311,495353,502769,1499433
1616781600000.00,497295,496856,499429,1493580
1616803200000.00,489879,484646,487484,1462009
1616824800000.00,-12683,-19686,-13761,-46130
1616846400000.00,-484534,-492656,-491791,-1468981
1616868000000.00,-4517,-11111,-8879,-24507
1616889600000.00,-5201,-12108,-8337,-25646
1616911200000.00,-15212,-18230,-16888,-50330
1616932800000.00,-7025,-11497,-11155,-29677
1616954400000.00,-5124,-12375,-8636,-26135
1616976000000.00,-17376,-25057,-25009,-67442
1616997600000.00,466470,462674,466083,1395227
1617019200000.00,-10157,-18067,-15731,-43955
1617040800000.00,-4614,-13021,-8244,-25879
1617062400000.00,-18224,-25047,-25802,-69073
1617084000000.00,-15179,-20607,-18346,-54132
1617105600000.00,-3890,-12231,-11375,-27496
1617127200000.00,-5120,-11752,-9802,-26674
1617148800000.00,-8103,-16005,-16599,-40707
1617170400000.00,-10836,-17013,-18313,-46162
1617192000000.00,-4677,-11659,-11654,-27990
1617213600000.00,6839,484,2032,9355
1617235200000.00,7081,1827,-1946,6962
1617256800000.00,466922,467308,467626,1401856
1617278400000.00,-6316,-12780,-10921,-30017
1617300000000.00,-5517,-10687,-8327,-24531
1617321600000.00,-8345,-14112,-15349,-37806
1617343200000.00,-13543,-20542,-18876,-52961
1617364800000.00,459,-6942,-5884,-12367
1617386400000.00,-6186,-10357,-9849,-26392
1617408000000.00,6792,-2127,1760,6425
1617429600000.00,-10439,-15558,-16144,-42141
1617451200000.00,-5466,-14092,-8741,-28299
1617472800000.00,-3746,-11502,-9176,-24424
1617494400000.00,-16457,-24638,-22817,-63912
1617516000000.00,-3958,-9936,-10173,-24067
1617537600000.00,-5016,-11209,-10750,-26975
1617559200000.00,-5785,-11215,-8483,-25483
1617580800000.00,495430,491356,496487,1483273
1617602400000.00,477219,476108,478913,1432240
1617624000000.00,-487312,-494105,-494847,-1476264
1617645600000.00,-6654,-10475,-8661,-25790
1617667200000.00,983,373,-6837,-5481
1617688800000.00,-34676,-38516,-37966,-111158
1617710400000.00,4023,-2014,30,2039
1617732000000.00,4014,2356,-2986,3384
1617753600000.00,5460,2612,-4790,3282
1617775200000.00,-20724,-24385,-23880,-68989
1617796800000.00,2447,1549,-2620,1376
1617818400000.00,497501,497031,497405,1491937
1617840000000.00,4047,-815,-4192,-960
1617861600000.00,-30797,-37155,-36142,-104094
1617883200000.00,758,-591,-3,164
1617904800000.00,1991,565,1139,3695
1617926400000.00,2344,48,-141,2251
1617948000000.00,-33039,-40518,-39201,-112758
1617969600000.00,-6736,-13224,-10057,-30017
1617991200000.00,-6485,-10349,-10327,-27161
1618012800000.00,-6716,-10609,-10383,-27708
1618034400000.00,-24301,-29507,-31736,-85544
1618056000000.00,6149,1559,-1997,5711
1618077600000.00,7419,5487,1942,14848
1618099200000.00,5886,2393,-1263,7016
1618120800000.00,-9070,-12740,-9853,-31663
1618142400000.00,-15593,-17728,-19020,-52341
1618164000000.00,5375,4003,-787,8591
1618185600000.00,4052,3613,-2891,4774
1618207200000.00,-16417,-19134,-23035,-58586
1618228800000.00,4540,1665,-1706,4499
1618250400000.00,5454,4898,-582,9770
1618272000000.00,9117,6097,1210,16424
1618293600000.00,-15252,-20518,-21899,-57669
1618315200000.00,-6319,-10577,-11862,-28758
1618336800000.00,6005,2921,1353,10279
1618358400000.00,5893,2105,-3436,4562
1618380000000.00,-13734,-18518,-20638,-52890
1618401600000.00,4820,910,-1601,4129
1618423200000.00,-5792,-8666,-10516,-24974
1618444800000.00,-17018,-21700,-23024,-61742
1618466400000.00,487996,485569,485793,1459358
1618488000000.00,5858,2933,-615,8176
1618509600000.00,-5506,-8875,-10189,-24570
1618531200000.00,-489943,-498851,-499325,-1488119
1618552800000.00,-17731,-23935,-20763,-62429
1618574400000.00,-6653,-11000,-11901,-29554
1618596000000.00,-7895,-11341,-10861,-30097
1618617600000.00,-12489,-17062,-16249,-45800
1618639200000.00,-33045,-39844,-36406,-109295
1618660800000.00,-4601,-9832,-8050,-22483
1618682400000.00,3333,712,-91,3954
1618704000000.00,491577,491164,492424,1475165
1618725600000.00,-33146,-39372,-35704,-108222
1618747200000.00,-5804,-9818,-10202,-25824
1618768800000.00,-5578,-8538,-10837,-24953
1618790400000.00,-13521,-19152,-20667,-53340
1618812000000.00,-29518,-37525,-35361,-102404
1618833600000.00,-30438,-35192,-36754,-102384
1618855200000.00,-5914,-10238,-9570,-25722
1618876800000.00,-17725,-24318,-25099,-67142
1618898400000.00,-17185,-22120,-21155,-60460
1618920000000.00,-27777,-32632,-32390,-92799
1618941600000.00,-4722,-10151,-9184,-24057
1618963200000.00,-489363,-497350,-497593,-1484306
1618984800000.00,-28265,-35903,-30540,-94708
1619006400000.00,-10969,-16813,-15766,-43548
1619028000000.00,-5159,-11347,-9834,-26340
1619049600000.00,-19517,-27329,-26048,-72894
1619071200000.00,-31189,-38852,-35338,-105379
1619092800000.00,-55453,-61781,-60395,-177629
1619114400000.00,-5130,-10562,-10161,-25853
1619136000000.00,-26937,-34034,-33189,-94160
1619157600000.00,-12702,-20018,-20388,-53108
1619179200000.00,-2385,-9647,-7991,-20023
1619200800000.00,-4428,-11051,-8111,-23590
1619222400000.00,-4132,-11072,-7177,-22381
1619244000000.00,460373,454473,463154,1378000
1619265600000.00,2178,-4656,-519,-2997
1619287200000.00,-4882,-12227,-6751,-23860
1619308800000.00,-4420,-14105,-7125,-25650
1619330400000.00,-33737,-41910,-34523,-110170
1619352000000.00,-486933,-497272,-493932,-1478137
1619373600000.00,-3387,-10978,-6888,-21253
1619395200000.00,-17172,-23452,-24398,-65022
1619416800000.00,-15203,-20934,-19592,-55729
1619438400000.00,-488066,-496492,-496284,-1480842
1619460000000.00,3968,2603,-681,5890
1619481600000.00,-657,-2215,-7734,-10606
1619503200000.00,-13543,-18818,-19694,-52055
1619524800000.00,-2659,-5918,-10484,-19061
1619546400000.00,495483,496722,496176,1488381
1619568000000.00,-8980,-12432,-16114,-37526
1619589600000.00,469391,466609,468274,1404274
1619611200000.00,-7522,-11049,-14970,-33541
1619632800000.00,496446,495897,495391,1487734
1619654400000.00,-20076,-22279,-24426,-66781
1619676000000.00,487,-2213,-8156,-9882
1619697600000.00,-320,-194,-6442,-6956
1619719200000.00,3364,1404,-1764,3004
1619740800000.00,-3346,-8538,-10480,-22364
1619762400000.00,-20795,-24502,-27876,-73173
1619784000000.00,-6762,-8874,-11142,-26778
1619805600000.00,-5757,-8898,-8678,-23333
1619827200000.00,489220,486270,492951,1468441
1619848800000.00,-34013,-41474,-36806,-112293
1619870400000.00,-3182,-10373,-5307,-18862
1619892000000.00,2635,-1143,1128,2620
1619913600000.00,-3064,-9206,-6148,-18418
1619935200000.00,-6909,-11124,-9260,-27293
1619956800000.00,-14349,-19155,-18328,-51832
1619978400000.00,2801,465,-493,2773
1620000000000.00,-3826,-9329,-7919,-21074
1620021600000.00,-9682,-16058,-13991,-39731
1620043200000.00,2566,-5349,-1523,-4306
1620064800000.00,4314,-3636,2768,3446
1620086400000.00,-20599,-26798,-24641,-72038
1620108000000.00,-11704,-18302,-15405,-45411
1620129600000.00,-2825,-9221,-7112,-19158
1620151200000.00,-6877,-10208,-9437,-26522
1620172800000.00,-357,-5098,-5902,-11357
1620194400000.00,-3298,-8793,-6386,-18477
1620216000000.00,-2938,-8075,-7202,-18215
1620237600000.00,-6827,-9244,-11107,-27178
1620259200000.00,-11985,-16664,-18597,-47246
1620280800000.00,-5945,-6843,-6376,-19164
1620302400000.00,-439402,-446370,-448423,-1334195
1620324000000.00,-6808,-8939,-12438,-28185
1620345600000.00,-19359,-23176,-25732,-68267
1620367200000.00,-13637,-18159,-22518,-54314
1620388800000.00,-13,-1689,-5061,-6763
1620410400000.00,1553,631,758,2942
1620432000000.00,2177,-3090,-895,-1808
1620453600000.00,-10791,-17400,-14457,-42648
1620475200000.00,-10607,-12053,-11446,-34106
1620496800000.00,3258,-525,621,3354
1620518400000.00,-7039,-13575,-9680,-30294
1620540000000.00,-24569,-25992,-25031,-75592
1620561600000.00,1171,311,454,1936
1620583200000.00,3007,-1727,1287,2567
1620604800000.00,-12416,-16717,-17054,-46187
1620626400000.00,403635,397553,405794,1206982
1620648000000.00,-3314,-10628,-6782,-20724
1620669600000.00,-5569,-12870,-9043,-27482
1620691200000.00,-4951,-6598,-6119,-17668
1620712800000.00,-36931,-38585,-37229,-112745
1620734400000.00,-4629,-10408,-7376,-22413
1620756000000.00,-3473,-9506,-6872,-19851
1620777600000.00,-10390,-17054,-19059,-46503
1620799200000.00,-17944,-24706,-22085,-64735
1620820800000.00,-581,-1460,-1415,-3456
1620842400000.00,1570,623,752,2945
1620864000000.00,2920,-2543,-1763,-1386
1620885600000.00,489859,483988,489458,1463305
1620907200000.00,-3529,-10672,-8174,-22375
1620928800000.00,-3830,-11392,-7561,-22783
1620950400000.00,429,-8070,-4299,-11940
1620972000000.00,-8075,-14205,-12968,-35248
1620993600000.00,-5369,-15380,-10932,-31681
1621015200000.00,-3964,-11049,-6824,-21837
1621036800000.00,858,-874,-266,-282
1621058400000.00,-22474,-30613,-27324,-80411
1621080000000.00,-442069,-452210,-447837,-1342116
1621101600000.00,3755,-2615,1390,2530
1621123200000.00,-4912,-12638,-8070,-25620
1621144800000.00,-32254,-42716,-36801,-111771
1621166400000.00,-5544,-11403,-9084,-26031
1621188000000.00,-4273,-11583,-6440,-22296
1621209600000.00,-16954,-26900,-22719,-66573
1621231200000.00,243055,236629,241082,720766
1621252800000.00,-3014,-11344,-9519,-23877
1621274400000.00,-3152,-10207,-7543,-20902
1621296000000.00,-17273,-23459,-23707,-64439
1621317600000.00,-31264,-38998,-36719,-106981
1621339200000.00,-3284,-12865,-8561,-24710
1621360800000.00,-5366,-11848,-9474,-26688
1621382400000.00,-11515,-12328,-12116,-35959
1621404000000.00,-540,-1524,-1216,-3280
1621425600000.00,-3648,-12318,-8051,-24017
1621447200000.00,-6353,-12113,-11423,-29889
1621468800000.00,-34929,-39717,-40543,-115189
1621490400000.00,-21732,-28630,-25441,-75803
1621512000000.00,-6515,-13641,-8270,-28426
1621533600000.00,4101,-4212,2871,2760
1621555200000.00,-4375,-12238,-9661,-26274
1621576800000.00,-38475,-44805,-41237,-124517
1621598400000.00,-3914,-11592,-5317,-20823
1621620000000.00,-7027,-13588,-8796,-29411
1621641600000.00,86987,79829,83885,250701
1621663200000.00,132,-4881,-5255,-10004
1621684800000.00,-5765,-10136,-10430,-26331
1621706400000.00,495164,494415,499942,1489521
1621728000000.00,-9035,-9842,-9588,-28465
1621749600000.00,-14283,-19841,-17771,-51895
1621771200000.00,1755,-3215,-819,-2279
1621792800000.00,4152,-2861,2242,3533
1621814400000.00,2629,-5533,2,-2902
1621836000000.00,460498,457105,464135,1381738
1621857600000.00,2202,-1873,-3087,-2758
1621879200000.00,-5074,-10771,-8054,-23899
1621900800000.00,-1265,-4479,-6571,-12315
1621922400000.00,-19478,-24534,-22838,-66850
1621944000000.00,-787,-5155,-4567,-10509
1621965600000.00,-7043,-8480,-10986,-26509
1621987200000.00,12303,10121,6588,29012
1622008800000.00,-7334,-8879,-12605,-28818
1622030400000.00,-5368,-6141,-6033,-17542
1622052000000.00,2703,1358,-1118,2943
1622073600000.00,-6671,-8937,-13550,-29158
1622095200000.00,415026,416894,415953,1247873
1622116800000.00,-4598,-5343,-9554,-19495
1622138400000.00,4497,2055,565,7117
1622160000000.00,-2888,-7581,-7513,-17982
1622181600000.00,-15410,-19381,-20000,-54791
1622203200000.00,-4121,-7061,-8487,-19669
1622224800000.00,2806,118,-52,2872
1622246400000.00,-5181,-11325,-8718,-25224
1622268000000.00,380322,376868,383202,1140392
1622289600000.00,-4491,-9435,-7055,-20981
1622311200000.00,-4624,-10942,-7312,-22878
1622332800000.00,-6268,-14014,-7917,-28199
1622354400000.00,-36552,-43996,-39425,-119973
1622376000000.00,-3833,-9652,-4823,-18308
1622397600000.00,-2767,-10311,-5108,-18186
1622419200000.00,-8614,-10125,-9657,-28396
1622440800000.00,-10366,-17213,-16304,-43883
1622462400000.00,-83054,-87109,-87469,-257632
1622484000000.00,3718,-1389,245,2574
1622505600000.00,3849,-3143,-209,497
1622527200000.00,-244303.5,-252305.5,-250921,-747530
1622548800000.00,-492456,-501468,-501633,-1495557
1622570400000.00,4341,-1081,1019,4279
1622592000000.00,414064,408993,412597,1235654
1622613600000.00,-52076,-58733,-57186,-167995
1622635200000.00,-5146,-12768,-12052,-29966
1622656800000.00,88369,82867,84258,255494
1622678400000.00,-18726,-21096,-20569,-60391
1622700000000.00,-31531,-40410,-39605,-111546
1622721600000.00,-17910,-25905,-25798,-69613
1622743200000.00,5036,3047,3086,11169
1622764800000.00,-3682,-12476,-11637,-27795
1622786400000.00,-3877,-9999,-12669,-26545
1622808000000.00,491407,485843,490704,1467954
1622829600000.00,446461,442035,448011,1336507
1622851200000.00,-2732,-11024,-7837,-21593
1622872800000.00,484733,479717,487702,1452152
1622894400000.00,493030,489239,495469,1477738
1622916000000.00,90512,82284,85798,258594
1622937600000.00,435702,428100,435602,1299404
1622959200000.00,-32733,-39428,-34196,-106357
1622980800000.00,-12975,-21028,-18017,-52020
1623002400000.00,21022,15433,16689,53144
1623024000000.00,-8480,-16543,-15130,-40153
1623045600000.00,-26293,-34249,-33388,-93930
1623067200000.00,-5655,-8268,-7703,-21626
1623088800000.00,-626,-7159,-6331,-14116
1623110400000.00,-1378,-9292,-8853,-19523
1623132000000.00,-22246,-24232,-23412,-69890
1623153600000.00,-2576,-4703,-4504,-11783
1623175200000.00,-1901,-7282,-6098,-15281
1623196800000.00,-3872,-12147,-10859,-26878
1623218400000.00,-25634,-30596,-32672,-88902
1623240000000.00,-11591,-16800,-19393,-47784
1623261600000.00,4558,-778,98,3878
1623283200000.00,-4831,-11033,-12258,-28122
1623304800000.00,-33240,-36024,-35372,-104636
1623326400000.00,-323,-5946,-7103,-13372
1623348000000.00,6460,349,770,7579
1623369600000.00,315,-2244,-2169,-4098
1623391200000.00,482446,478536,478875,1439857
1623412800000.00,-313,-5474,-5199,-10986
1623434400000.00,5083,3128,3151,11362
1623456000000.00,7133,75,-729,6479
1623477600000.00,487037,483403,485077,1455517
1623499200000.00,18378,12141,10938,41457
1623520800000.00,6379,-570,1484,7293
1623542400000.00,-2594,-10512,-7200,-20306
1623564000000.00,-31118,-38371,-35116,-104605
1623585600000.00,-4288,-7156,-6723,-18167
1623607200000.00,4137,-635,434,3936
1623628800000.00,-5111,-12036,-12750,-29897
1623650400000.00,-32511,-35177,-34571,-102259
1623672000000.00,-11530,-19644,-17204,-48378
1623693600000.00,-18135,-23946,-22323,-64404
1623715200000.00,-3827,-11145,-10612,-25584
1623736800000.00,-23970,-30368,-30809,-85147
1623758400000.00,613,-4801,-6343,-10531
1623780000000.00,446854,443507,446000,1336361
1623801600000.00,-999,-8450,-9408,-18857
1623823200000.00,-34196,-36913,-36337,-107446
1623844800000.00,2266,-3819,-6694,-8247
1623866400000.00,428226,424543,426075,1278844
1623888000000.00,449557,443302,443941,1336800
1623909600000.00,-20805,-27100,-30085,-77990
1623931200000.00,-241,-5858,-8439,-14538
1623952800000.00,9143,2635,717,12495
1623974400000.00,-2049,-11349,-11906,-25304
1623996000000.00,-21962,-29922,-32504,-84388
1624017600000.00,-434494,-445807,-444334,-1324635
1624039200000.00,-3573,-6640,-6660,-16873
1624060800000.00,-2680,-7449,-10583,-20712
1624082400000.00,-9171,-11847,-11625,-32643
1624104000000.00,496634,493221,497256,1487111
1624125600000.00,6549,-120,1656,8085
1624147200000.00,921,-2287,-2220,-3586
1624168800000.00,-6316,-11991,-12744,-31051
1624190400000.00,2033,-7312,-4610,-9889
1624212000000.00,7343,80,943,8366
1624233600000.00,23008,14698,16698,54404
1624255200000.00,2257,-3353,-8480,-9576
1624276800000.00,488535,487360,488100,1463995
1624298400000.00,-4843,-10853,-11402,-27098
1624320000000.00,-7789,-13822,-15229,-36840
1624341600000.00,-30819,-36460,-39190,-106469
1624363200000.00,-489884,-498603,-499930,-1488417
1624384800000.00,-331715,-338959,-341388,-1012062
1624406400000.00,-173546,-179315,-182846,-535707
1624428000000.00,-15377,-19671,-24304,-59352
1624449600000.00,2280,-326,-291,1663
1624471200000.00,-5730,-10195,-12506,-28431
1624492800000.00,-11404,-16069,-19131,-46604
1624514400000.00,482297,481304,480068,1443669
1624536000000.00,80642,75092,76044,231778
1624557600000.00,6640,480,1554,8674
1624579200000.00,-15318,-22300,-22171,-59789
1624600800000.00,-6153,-13038,-13163,-32354
1624622400000.00,-5834,-12443,-12860,-31137
1624644000000.00,8251,476,3482,12209
1624665600000.00,5384,-3086,-253,2045
1624687200000.00,-36877,-44206,-42040,-123123
1624708800000.00,4358,-4489,-972,-1103
1624730400000.00,6895,-595,2595,8895
1624752000000.00,-11229,-19732,-16314,-47275
1624773600000.00,-9675,-16337,-15681,-41693
1624795200000.00,493929,491256,494576,1479761
1624816800000.00,-481067,-490210,-491032,-1462309
1624838400000.00,-4672,-11284,-11100,-27056
1624860000000.00,-15248,-20832,-22515,-58595
1624881600000.00,-484530,-494986,-492448,-1471964
1624903200000.00,447082,446098,446372,1339552
1624924800000.00,498832,495815,497274,1491921
1624946400000.00,-27213,-32894,-34430,-94537
1624968000000.00,496482,497974,496745,1491201
1624989600000.00,13536,10504,10758,34798
1625011200000.00,-432556,-439840,-441090,-1313486
1625032800000.00,488472,487968,487805,1464245
1625054400000.00,2165,-1654,-1617,-1106
1625076000000.00,6534,2536,1803,10873
1625097600000.00,-11680,-15608,-17243,-44531
1625119200000.00,194083,191739,189289,575111
1625140800000.00,-17896,-23328,-23112,-64336
1625162400000.00,1466,-2012,-5742,-6288
1625184000000.00,2995,-2487,-2720,-2212
1625205600000.00,-5633,-10314,-11430,-27377
1625227200000.00,-5098,-10984,-9999,-26081
1625248800000.00,6785,4372,4419,15576
1625270400000.00,-3212,-9960,-8415,-21587
1625292000000.00,163492,160625,156684,480801
1625313600000.00,4338,-841,-470,3027
1625335200000.00,-2854,-7096,-7467,-17417
1625356800000.00,-2985,-6126,-5648,-14759
1625378400000.00,-5814,-11409,-11319,-28542
1625400000000.00,-18022,-24806,-24211,-67039
1625421600000.00,-4101,-8414,-9183,-21698
1625443200000.00,-6336,-11847,-13700,-31883
1625464800000.00,-1365,-7654,-9881,-18900
1625486400000.00,-483407,-491685,-495123,-1470215
1625508000000.00,-430189,-438432,-439014,-1307635
1625529600000.00,-6571,-8670,-8302,-23543
1625551200000.00,-15284,-20128,-19184,-54596
1625572800000.00,-22058,-26127,-25897,-74082
1625594400000.00,499173,499770,500566,1499509
1625616000000.00,-12110,-16336,-17832,-46278
1625637600000.00,-35116,-38532,-41415,-115063
1625659200000.00,275,-2071,-4309,-6105
1625680800000.00,-7226,-9224,-10596,-27046
1625702400000.00,-3561,-4796,-4980,-13337
1625724000000.00,-17933,-20294,-23502,-61729
1625745600000.00,-183,-548,-854,-1585
1625767200000.00,4420,2636,-1650,5406
1625788800000.00,-3680,-4331,-4931,-12942
1625810400000.00,-23720,-23956,-23962,-71638
1625832000000.00,-1708,-3743,-6814,-12265
1625853600000.00,3653,3299,2441,9393
1625875200000.00,2395,786,-1882,1299
1625896800000.00,-492011,-498238,-501775,-1492024
1625918400000.00,-5150,-8125,-8320,-21595
1625940000000.00,-4864,-7024,-9693,-21581
1625961600000.00,-5420,-10609,-11219,-27248
1625983200000.00,404616,403381,404639,1212636
1626004800000.00,-4403,-6251,-8717,-19371
1626026400000.00,1563,1080,371,3014
1626048000000.00,-11379,-13456,-14117,-38952
1626069600000.00,-1822,-1963,-9707,-13492
1626091200000.00,-2180,-2524,-2678,-7382
1626112800000.00,4922,4259,-1044,8137
1626134400000.00,2820,336,-5922,-2766
1626156000000.00,-9076,-8670,-8793,-26539
1626177600000.00,3136,-458,-1729,949
1626199200000.00,4693,754,2218,7665
1626220800000.00,-435836,-441356,-441074,-1318266
1626242400000.00,-9810,-14061,-16729,-40600
1626264000000.00,-4638,-7279,-8225,-20142
1626285600000.00,-7245,-11482,-10074,-28801
1626307200000.00,-7299,-10959,-10427,-28685
1626328800000.00,-458250,-464521,-463846,-1386617
1626350400000.00,2792,-861,-2097,-166
1626372000000.00,-7407,-9076,-10786,-27269
1626393600000.00,-24353,-28045,-29626,-82024
1626415200000.00,-13594,-16073,-17579,-47246
1626436800000.00,-19034,-21305,-21604,-61943
1626458400000.00,-3462,-5659,-5981,-15102
1626480000000.00,42,-1145,-615,-1718
1626501600000.00,31581,29853,30579,92013
1626523200000.00,-2772,-4337,-3945,-11054
1626544800000.00,-18845,-20500,-19800,-59145
1626566400000.00,80103,77995,78239,236337
1626588000000.00,-32704,-33656,-32762,-99122
1626609600000.00,-3836,-4996,-4406,-13238
1626631200000.00,2906,1333,1711,5950
1626652800000.00,-4862,-6028,-5430,-16320
1626674400000.00,-35078,-37079,-35977,-108134
1626696000000.00,-2574,-4363,-3877,-10814
1626717600000.00,4751,3438,3883,12072
1626739200000.00,-10342,-12161,-11374,-33877
1626760800000.00,-32456,-34337,-33370,-100163
1626782400000.00,-3040,-4338,-3749,-11127
1626804000000.00,3355,1963,2471,7789
1626825600000.00,-10866,-12761,-11900,-35527
1626847200000.00,-32456,-33647,-32686,-98789
1626868800000.00,-16214,-17787,-17034,-51035
1626890400000.00,-2754,-4423,-4070,-11247
1626912000000.00,-3832,-5655,-5097,-14584
1626933600000.00,-32273,-33294,-32378,-97945
1626955200000.00,-3133,-4435,-3847,-11415
1626976800000.00,3426,2025,2528,7979
1626998400000.00,-3619,-4795,-4248,-12662
1627020000000.00,-24840,-26099,-25982,-76921
1627041600000.00,-5860,-7075,-7178,-20113
1627063200000.00,-404,-1920,-1603,-3927
1627084800000.00,88,-755,-833,-1500
1627106400000.00,3174,1571,1802,6547
1627128000000.00,1045,297,159,1501
1627149600000.00,3676,2732,2587,8995
1627171200000.00,773,-710,-361,-298
1627192800000.00,-30215,-30804,-30586,-91605
1627214400000.00,449,-315,-455,-321
1627236000000.00,4398,3489,3357,11244
1627257600000.00,788,-48,-143,597
1627279200000.00,-9106,-10445,-9914,-29465
1627300800000.00,-450,-1641,-1172,-3263
1627322400000.00,4496,3299,3653,11448
1627344000000.00,2478,511,1375,4364
1627365600000.00,477461,471547,476892,1425900
1627387200000.00,3308,-4175,886,19
1627408800000.00,-6591,-13690,-7653,-27934
1627430400000.00,-2137,-7528,-3960,-13625
1627452000000.00,-27469,-33761,-30362,-91592
1627473600000.00,-11867,-19343,-15661,-46871
1627495200000.00,4870,-1520,4134,7484
1627516800000.00,-862,-8716,-3380,-12958
1627538400000.00,-33314,-41126,-35333,-109773
1627560000000.00,-10422,-16080,-13232,-39734
1627581600000.00,-3460,-9021,-5009,-17490
1627603200000.00,2050,-4522,245,-2227
1627624800000.00,-7091,-14587,-6886,-28564
1627646400000.00,4285,-3450,3270,4105
1627668000000.00,4964,-1568,3939,7335
1627689600000.00,-17635,-25136,-19646,-62417
1627711200000.00,-11449,-17713,-14250,-43412
1627732800000.00,-6161,-12808,-8300,-27269
1627754400000.00,-19160,-24944,-21105,-65209
1627776000000.00,-2512,-9978,-4561,-17051
1627797600000.00,-4393,-9321,-6035,-19749
1627819200000.00,-5107,-8562,-7515,-21184
1627840800000.00,-5020,-9956,-6892,-21868
1627862400000.00,-5996,-15783,-11023,-32802
1627884000000.00,-261,-7538,-4386,-12185
1627905600000.00,-3514,-14070,-8586,-26170
1627927200000.00,-2295,-10084,-6149,-18528
1627948800000.00,3638,-5973,-1456,-3791
1627970400000.00,463765,458095,467066,1388926
1627992000000.00,-1194,-10242,-6018,-17454
1628013600000.00,-3308,-9418,-6828,-19554
1628035200000.00,-6383,-14665,-9492,-30540
1628056800000.00,-8804,-13448,-14439,-36691
1628078400000.00,-14621,-23961,-21092,-59674
1628100000000.00,-3374,-11614,-7938,-22926
1628121600000.00,-4176,-13477,-8741,-26394
1628143200000.00,-25946,-32706,-30762,-89414
1628164800000.00,-484004,-497145,-493085,-1474234
1628186400000.00,-6294,-12282,-6891,-25467
1628208000000.00,76778.83333,71403.33333,76658.16667,224840.3333
1628229600000.00,159851.6667,155088.6667,160207.3333,475147.6667
1628251200000.00,242924.5,238774,243756.5,725455
1628272800000.00,325997.3333,322459.3333,327305.6667,975762.3333
1628294400000.00,409070.1667,406144.6667,410854.8333,1226069.667
1628316000000.00,492143,489830,494404,1476377
1628337600000.00,6506,-557,2083,8032
1628359200000.00,4945,-1383,4211,7773
1628380800000.00,4165,-426,3886,7625
1628402400000.00,4072.393939,-564.7878788,3672.909091,7180.515152
1628424000000.00,3979.787879,-703.5757576,3459.818182,6736.030303
1628445600000.00,3887.181818,-842.3636364,3246.727273,6291.545455
1628467200000.00,3794.575758,-981.1515152,3033.636364,5847.060606
1628488800000.00,3701.969697,-1119.939394,2820.545455,5402.575758
1628510400000.00,3609.363636,-1258.727273,2607.454545,4958.090909
1628532000000.00,3516.757576,-1397.515152,2394.363636,4513.606061
1628553600000.00,3424.151515,-1536.30303,2181.272727,4069.121212
1628575200000.00,3331.545455,-1675.090909,1968.181818,3624.636364
1628596800000.00,3238.939394,-1813.878788,1755.090909,3180.151515
1628618400000.00,3146.333333,-1952.666667,1542,2735.666667
1628640000000.00,3053.727273,-2091.454545,1328.909091,2291.181818
1628661600000.00,2961.121212,-2230.242424,1115.818182,1846.69697
1628683200000.00,2868.515152,-2369.030303,902.7272727,1402.212121
1628704800000.00,2775.909091,-2507.818182,689.6363636,957.7272727
1628726400000.00,2683.30303,-2646.606061,476.5454545,513.2424242
1628748000000.00,2590.69697,-2785.393939,263.4545455,68.75757576
1628769600000.00,2498.090909,-2924.181818,50.36363636,-375.7272727
1628791200000.00,2405.484848,-3062.969697,-162.7272727,-820.2121212
1628812800000.00,2312.878788,-3201.757576,-375.8181818,-1264.69697
1628834400000.00,2220.272727,-3340.545455,-588.9090909,-1709.181818
1628856000000.00,2127.666667,-3479.333333,-802,-2153.666667
1628877600000.00,2035.060606,-3618.121212,-1015.090909,-2598.151515
1628899200000.00,1942.454545,-3756.909091,-1228.181818,-3042.636364
1628920800000.00,1849.848485,-3895.69697,-1441.272727,-3487.121212
1628942400000.00,1757.242424,-4034.484848,-1654.363636,-3931.606061
1628964000000.00,1664.636364,-4173.272727,-1867.454545,-4376.090909
1628985600000.00,1572.030303,-4312.060606,-2080.545455,-4820.575758
1629007200000.00,1479.424242,-4450.848485,-2293.636364,-5265.060606
1629028800000.00,1386.818182,-4589.636364,-2506.727273,-5709.545455
1629050400000.00,1294.212121,-4728.424242,-2719.818182,-6154.030303
1629072000000.00,1201.606061,-4867.212121,-2932.909091,-6598.515152
1629093600000.00,1109,-5006,-3146,-7043
1629115200000.00,5534,-3233,921,3222
1629136800000.00,4947,-517,3183,7613
1629158400000.00,-870,-8338,-4757,-13965
1629180000000.00,-3893,-10327,-9386,-23606
1629201600000.00,6738,-1370,1494,6862
1629223200000.00,5561,-1005,3709,8265
1629244800000.00,6547,-676,1745,7616
1629266400000.00,-2515,-7755,-8243,-18513
1629288000000.00,5113,-193,30,4950
1629309600000.00,4814,350,2436,7600
1629331200000.00,3402,-5701,-784,-3083
1629352800000.00,-4272,-12261,-10111,-26644
1629374400000.00,4871,-4832,91,130
1629396000000.00,5300,-1330,3413,7383
1629417600000.00,6359,-3532,-145,2682
1629439200000.00,-5187,-9830,-9925,-24942
1629460800000.00,11911,2613,7260,21784
1629482400000.00,7476,-687,4767,11556
1629504000000.00,1806,-7481,-2109,-7784
1629525600000.00,-23701,-31239,-25110,-80050
1629547200000.00,5671,-5071,859,1459
1629568800000.00,7734,-518,5166,12382
1629590400000.00,6051,-3555,2616,5112
1629612000000.00,-5518,-14161,-7342,-27021
1629633600000.00,5760,-2211,1990,5539
1629655200000.00,498519,493499,501523,1493541
1629676800000.00,5491,-1639,3071,6923
1629698400000.00,-501977,-509096,-508523,-1519596
1629720000000.00,4121,-4644,44,-479
1629741600000.00,5983,-593,5856,11246
1629763200000.00,3349,-5866,-678,-3195
1629784800000.00,460603,456968,464481,1382052
1629806400000.00,-485750,-496019,-493817,-1475586
1629828000000.00,-4372,-13096,-7452,-24920
1629849600000.00,-4508,-14689,-11026,-30223
1629871200000.00,-28351,-33869,-31294,-93514
1629892800000.00,-4772,-10575,-10007,-25354
1629914400000.00,498516,495005,499484,1493005
1629936000000.00,-6678,-16050,-13184,-35912
1629957600000.00,-11608,-17241,-18437,-47286
1629979200000.00,-5240,-13353,-12810,-31403
1630000800000.00,-4185,-11922,-10215,-26322
1630022400000.00,-910,-11832,-9690,-22432
1630044000000.00,-13829,-20547,-21713,-56089
1630065600000.00,-17497,-24297,-22362,-64156
1630087200000.00,-413,-6753,-4291,-11457
1630108800000.00,-7667,-14915,-10537,-33119
1630130400000.00,456882,452908,461366,1371156
1630152000000.00,-482685,-493398,-488031,-1464114
1630173600000.00,-1265,-9204,-5127,-15596
1630195200000.00,-2570,-11857,-6716,-21143
1630216800000.00,-22619,-31883,-27437,-81939
1630238400000.00,-785,-8491,-3718,-12994
1630260000000.00,500058,492314,499870,1492242
1630281600000.00,-20219,-28590,-25744,-74553
1630303200000.00,-12099,-18498,-18714,-49311
1630324800000.00,-8948,-18278,-13824,-41050
1630346400000.00,-3702,-10307,-7328,-21337
1630368000000.00,-435268,-443882,-441801,-1320951
1630389600000.00,-34443,-40495,-39076,-114014
1630411200000.00,5265,-362,-391,4512
1630432800000.00,-814,-8070,-5225,-14109
1630454400000.00,-3712,-10959,-9913,-24584
1630476000000.00,-2760,-12811,-10988,-26559
1630497600000.00,7296,225,-633,6888
1630519200000.00,15288,8692,8557,32537
1630540800000.00,5184,-1588,-635,2961
1630562400000.00,-30989,-37586,-34604,-103179
1630584000000.00,-1939,-12629,-10245,-24813
1630605600000.00,424,-10586,-5904,-16066
1630627200000.00,-12707,-21896,-19146,-53749
1630648800000.00,-32382,-36304,-35720,-104406
1630670400000.00,-16813,-25775,-20173,-62761
1630692000000.00,5911,113,1686,7710
1630713600000.00,4299,-4924,-792,-1417
1630735200000.00,417596,416295,418663,1252554
1630756800000.00,-484411,-494444,-492887,-1471742
1630778400000.00,6239,387,1046,7672
1630800000000.00,445278,438418,443212,1326908
1630821600000.00,412302,408501,414062,1234865
1630843200000.00,7435,-289,943,8089
1630864800000.00,447644,441233,448677,1337554
1630886400000.00,-1740,-11111,-7403,-20254
1630908000000.00,-23871,-31134,-29637,-84642
1630929600000.00,7325,-1105,-62,6158
1630951200000.00,7054,-1076,1540,7518
1630972800000.00,7389,-1834,1909,7464
1630994400000.00,-23570,-29899,-28803,-82272
1631016000000.00,15709,7231,7604,30544
1631037600000.00,5872,-290,1463,7045
1631059200000.00,-19364,-27744,-26071,-73179
1631080800000.00,-24306,-27692,-28323,-80321
1631102400000.00,6376,519,-933,5962
1631124000000.00,5723,-339,1542,6926
1631145600000.00,-12135,-20169,-20452,-52756
1631167200000.00,-22020,-26396,-28674,-77090
1631188800000.00,8762,177,858,9797
1631210400000.00,6240,395,1977,8612
1631232000000.00,15135,8299,8865,32299
1631253600000.00,-4223,-10799,-9348,-24370
1631275200000.00,-25242,-32794,-32438,-90474
1631296800000.00,-6792,-11961,-8513,-27266
1631318400000.00,-1972,-11468,-8311,-21751
1631340000000.00,-5304,-11862,-8762,-25928
1631361600000.00,4115,-1619,3164,5660
1631383200000.00,-4314,-8808,-7861,-20983
1631404800000.00,-23007,-29523,-28002,-80532
1631426400000.00,-6895,-12870,-10101,-29866
1631448000000.00,-2538,-8086,-6902,-17526
1631469600000.00,-864,-9262,-5420,-15546
1631491200000.00,-2440,-10650,-8286,-21376
1631512800000.00,-13727,-20053,-17749,-51529
1631534400000.00,5617,140,53,5810
1631556000000.00,-4111,-9933,-7858,-21902
1631577600000.00,5807,-2468,-1792,1547
1631599200000.00,3048,-3389,-1887,-2228
1631620800000.00,6999,-296,-418,6285
1631642400000.00,-3931,-10020,-6995,-20946
1631664000000.00,-16440,-25674,-23687,-65801
1631685600000.00,-2264,-2364,-2881,-7509
1631707200000.00,-432253,-440313,-440802,-1313368
1631728800000.00,498221,494958,501365,1494544
1631750400000.00,-2392,-10224,-8416,-21032
1631772000000.00,-23820,-26580,-29920,-80320
1631793600000.00,503626,496659,500173,1500458
1631815200000.00,5116,3051,4830,12997
1631836800000.00,-14518,-25880,-20291,-60689
1631858400000.00,1012,-1727,-606,-1321
1631880000000.00,13566,-205,1859,15220
1631901600000.00,11146,1081,5530,17757
1631923200000.00,9526,-3933,2895,8488
1631944800000.00,-28953,-39242,-33973,-102168
1631966400000.00,-1757,-12908,-8041,-22706
1631988000000.00,7176,-2268,3394,8302
1632009600000.00,8373,-3736,2428,7065
1632031200000.00,-6389,-15709,-12008,-34106
1632052800000.00,-1629,-11080,-9992,-22701
1632074400000.00,-3053,-12305,-8835,-24193
1632096000000.00,-16171,-26153,-26022,-68346
1632117600000.00,-9962,-17381,-17019,-44362
1632139200000.00,7883,288,2368,10539
1632160800000.00,6608,540,2133,9281
1632182400000.00,-1474,-7577,-7996,-17047
1632204000000.00,-24385,-27852,-27478,-79715
1632225600000.00,5063,-409,2271,6925
1632247200000.00,5452,-1059,2027,6420
1632268800000.00,8212,-1403,1448,8257
1632290400000.00,-15134,-20997,-19942,-56073
1632312000000.00,4395,-1014,397,3778
1632333600000.00,-3587,-9296,-6926,-19809
1632355200000.00,-7780,-12835,-10516,-31131
1632376800000.00,470547,465409,473227,1409183
1632398400000.00,-85745,-90763,-88722,-265230
1632420000000.00,-6842,-12373,-10297,-29512
1632441600000.00,-13052,-19269,-17610,-49931
1632463200000.00,485538,482284,485857,1453679
1632484800000.00,-14939,-17371,-16759,-49069
1632506400000.00,-5349,-8424,-8542,-22315
1632528000000.00,-1943,-9860,-6223,-18026
1632549600000.00,-11544,-18001,-15562,-45107
1632571200000.00,-7197,-16761,-12830,-36788
1632592800000.00,-2610,-9584,-6224,-18418
1632614400000.00,-4251,-12523,-6972,-23746
1632636000000.00,-9522,-15836,-14113,-39471
1632657600000.00,-5803,-14027,-9842,-29672
1632679200000.00,-4243,-10372,-7865,-22480
1632700800000.00,497798,490140,502910,1490848
1632722400000.00,-35316,-42402,-37711,-115429
1632744000000.00,-27863,-33357,-32541,-93761
1632765600000.00,-5900,-9735,-7036,-22671
1632787200000.00,-4221,-12703,-8239,-25163
1632808800000.00,456790,456514,460763,1374067
1632830400000.00,-3989,-13360,-6351,-23700
1632852000000.00,4293,-2338,4823,6778
1632873600000.00,7438,212,2926,10576
1632895200000.00,-21697,-21516,-21491,-64704
1632916800000.00,3373,2575,2607,8555
1632938400000.00,2759,1878,1975,6612
1632960000000.00,1015,906,366,2287
1632981600000.00,-13190,-13418,-13980,-40588
1633003200000.00,1531,471,550,2552
1633024800000.00,1566,467,562,2595
1633046400000.00,1279,1046,796,3121
1633068000000.00,327363,325088,326629,979080
1633089600000.00,2773,1916,2250,6939
1633111200000.00,2737,1848,2210,6795
1633132800000.00,2753,1900,2283,6936
1633154400000.00,198,-641,-234,-677
1633176000000.00,4283,3274,3622,11179
1633197600000.00,3890,3101,3404,10395
1633219200000.00,3761,2977,3333,10071
1633240800000.00,-3246,-4118,-3668,-11032
1633262400000.00,2687,1856,2194,6737
1633284000000.00,2718,1860,2237,6815
1633305600000.00,2632,2619,2599,7850
1633327200000.00,-8282,-8440,-8235,-24957
1633348800000.00,3960,3126,3510,10596
1633370400000.00,2814,1913,2305,7032
1633392000000.00,2823,1999,2518,7340
1633413600000.00,-5527,-6114,-5941,-17582
1633435200000.00,2743,1869,2225,6837
1633456800000.00,2759,1864,2239,6862
1633478400000.00,3832,3065,3808,10705
1633500000000.00,2752,2501,2642,7895
1633521600000.00,3283,2308,2794,8385
1633543200000.00,2746,1732,2230,6708
1633564800000.00,2749,2562,2688,7999
1633586400000.00,-22842,-23350,-22624,-68816
1633608000000.00,3258,1826,2694,7778
1633629600000.00,4622,3289,4078,11989
1633651200000.00,3111,1740,2575,7426
1633672800000.00,-21668,-22255,-21552,-65475
1633694400000.00,3201,1771,2604,7576
1633716000000.00,3929,2521,3328,9778
1633737600000.00,3128,1748,2580,7456
1633759200000.00,-20576,-21886,-20778,-63240
1633780800000.00,3193,1743,2588,7524
1633802400000.00,4117,2676,3488,10281
1633824000000.00,3877,2534,3340,9751
1633845600000.00,-10153,-11440,-10471,-32064
1633867200000.00,3182,1877,2594,7653
1633888800000.00,3261,1949,2650,7860
1633910400000.00,4312,3849,4186,12347
1633932000000.00,-6264,-7105,-5778,-19147
